{
	"speed": 300,
	"dash": "run",

	"sheets": ["sonic", "sonicball"],
	"sounds": ["jump", "ko", "humm", "chea", "spin", "stopspin", "spring", "ya"],

	"attacks": {
		"neutral": "jabcombo",
		"upneutral": "flipkick",
		"downneutral": "sweepkick",
		"zneutral": "spindash",
		"zupneutral": "bounce",
		"zdownneutral": "flashkick",
		"air": "tornadokick",
		"upair": "flipkick",
		"downair": "downkick",
		"zair": "soniceagle",
		"zupair": "bounceair",
		"zdownair": "divekick"
	},

	"anims": {
		"idle": {
			"frames": [
				{"x": 0, "y": 0, "w": 23, "h": 33, "delay": 7},
				{"x": 23, "y": 0, "w": 23, "h": 32, "ox":[-2,-2], "delay": 7},
				{"x": 46, "y": 0, "w": 23, "h": 31, "ox":[-3,-3], "delay": 7},
				{"x": 23, "y": 0, "w": 23, "h": 32, "ox":[-2,-2], "delay": 7},
				{"x": 0, "y": 0, "w": 23, "h": 33, "delay": 7},
				{"x": 115, "y": 0, "w": 23, "h": 33, "delay": 7},
				{"x": 138, "y": 0, "w": 23, "h": 32, "delay": 7},
				{"x": 115, "y": 0, "w": 23, "h": 33, "delay": 7}
			]
		},

		"walk": {
			"frames": [
				{"x": 161, "y": 0, "w": 22, "h": 35, "ox":[-1,-1], "delay": 7},
				{"x": 183, "y": 0, "w": 29, "h": 31, "ox":[-1,-1], "delay": 7},
				{"x": 212, "y": 0, "w": 21, "h": 33, "ox":[-1,-1], "delay": 7},
				{"x": 233, "y": 0, "w": 21, "h": 35, "ox":[-1,-1], "delay": 7},
				{"x": 254, "y": 0, "w": 23, "h": 34, "ox":[-1,-1], "delay": 7},
				{"x": 277, "y": 0, "w": 28, "h": 32, "delay": 7},
				{"x": 69, "y": 0, "w": 22, "h": 33, "ox":[-2,-2], "delay": 7}
			]
		},

		"run": {
			"frames": [
				{"x": 305, "y": 0, "w": 27, "h": 34, "delay": 6},
				{"x": 0, "y": 33, "w": 31, "h": 32, "ox":[2,2], "delay": 6},
				{"x": 31, "y": 32, "w": 38, "h": 31, "ox":[5,5], "delay": 6},
				{"x": 69, "y": 33, "w": 34, "h": 31, "ox":[4,4], "delay": 6},
				{"x": 103, "y": 33, "w": 27, "h": 33, "delay": 6},
				{"x": 130, "y": 34, "w": 32, "h": 34, "ox":[3,3], "delay": 6},
				{"x": 162, "y": 35, "w": 38, "h": 32, "ox":[5,5], "delay": 6},
				{"x": 200, "y": 33, "w": 33, "h": 32, "ox":[3,3], "delay": 6}
			]
		},

		"skid": {
			"frames": [
				{"x": 233, "y": 35, "w": 40, "h": 29, "delay": 60}
			]
		},

		"jump": {
			"loop": false,

			"frames": [
				{"x": 273, "y": 34, "w": 25, "h": 31, "delay": 6},
				{"x": 273, "y": 34, "w": 25, "h": 31, "delay": 1, "onStart": "jump"}
			]
		},

		"jump2": {
			"frames": [
				{"x": 298, "y": 34, "w": 26, "h": 31, "rotate": -400, "delay": 3, "onStart": "toFalling"},
				{"x": 0, "y": 65, "w": 27, "h": 30, "rotate": -400, "delay": 3, "onStart": "toFalling"}
			]
		},

		"fall": {
			"loop": false,

			"frames": [
				{"x": 27, "y": 63, "w": 35, "h": 39, "delay": 1}
			]
		},

		"guard": {
			"frames": [
				{"x": 62, "y": 64, "w": 23, "h": 32, "delay": 1, "onStart": "guard"}
			]
		},

		"hurt": {
			"loop": false,

			"frames": [
				{"x": 85, "y": 66, "w": 34, "h": 34, "delay": 5},
				{"x": 119, "y": 68, "w": 31, "h": 32, "oy": -1, "delay": 5},
				{"x": 119, "y": 68, "w": 31, "h": 32, "oy": -1, "delay": 1, "onStart": "hurt"}
			]
		},

		"hurtground": {
			"loop": false,
			
			"frames": [
				{"x": 150, "y": 68, "w": 25, "h": 32, "delay": 60}
			]
		},

		"airhurt": {
			"loop": false,

			"frames": [
				{"x": 175, "y": 67, "w": 19, "h": 39, "delay": 1, "onStart": "toReeling"}
			]
		},

		"reeling": {
			"loop": false,

			"frames": [
				{"x": 194, "y": 66, "w": 37, "h": 33, "delay": 1, "rotate": 200, "onStart": "reeling"}
			]
		},

		"painful_landing": {
			"loop": false,

			"frames": [
				{"x": 231, "y": 64, "w": 34, "h": 26, "delay": 5},
				{"x": 265, "y": 65, "w": 36, "h": 25, "delay": 5},
				{"x": 0, "y": 97, "w": 38, "h": 24, "ox":[1,1], "delay": 5},
				{"x": 57, "y": 97, "w": 35, "h": 22, "ox":[2,2], "delay": 5, "onStart": "painful_landing"}
			]
		},

		"recover": {
			"loop": false,

			"frames": [
				{"x": 295, "y": 88, "w": 34, "h": 28, "delay": 5},
				{"x": 271, "y": 90, "w": 24, "h": 34, "ox":[6,6], "delay": 5},
				{"x": 301, "y": 65, "w": 30, "h": 23, "ox":[10,10], "delay": 5},
				{"x": 241, "y": 90, "w": 30, "h": 35, "ox":[3,3], "delay": 5},
				{"x": 92, "y": 100, "w": 35, "h": 26, "oy": -8, "delay": 5},
				{"x": 216, "y": 97, "w": 25, "h": 34, "delay": 5}
			]
		},

		"jabcombo": {
			"loop": false,
			"combo": {"anim": "jabcombo2", "frame": 3},

			"frames": [
				{"x": 127, "y": 100, "w": 24, "h": 33, "delay": 4},
				{"x": 151, "y": 106, "w": 38, "h": 33, "ox":[-7,-7], "delay": 4, "onStart": "jabcombo1"},
				{"x": 189, "y": 105, "w": 21, "h": 32, "ox":[-2,-2], "delay": 8}
			]
		},

		"jabcombo2": {
			"loop": false,
			"combo": {"anim": "jabcombo3", "frame": 3},

			"frames": [
				{"x": 0, "y": 121, "w": 22, "h": 33, "ox":[-1,-1], "delay": 4},
				{"x": 22, "y": 121, "w": 26, "h": 33, "ox":[-4,-4], "delay": 4, "onStart": "jabcombo2a"},
				{"x": 48, "y": 119, "w": 39, "h": 33, "ox":[-4,-4], "delay": 4, "onStart": "jabcombo2b"},
				{"x": 87, "y": 126, "w": 28, "h": 32, "ox":[-4,-4], "delay": 8}
			]
		},

		"jabcombo3": {
			"loop": false,
			"combo": {"frame": 6},

			"frames": [
				{"x": 302, "y": 116, "w": 32, "h": 34, "ox":[-6,-6], "delay": 4},
				{"x": 268, "y": 124, "w": 34, "h": 35, "ox":[-6,-6], "delay": 4, "onStart": "jabcombo3a"},
				{"x": 235, "y": 131, "w": 33, "h": 30, "ox":[-6,-6], "oy": -6, "delay": 4, "onStart": "jabcombo3b"},
				{"x": 115, "y": 133, "w": 34, "h": 26, "ox":[-4,-4], "oy": -9, "delay": 4}
			]
		},

		"sweepkick": {
			"loop": false,
			"combo": {"frame": 9},

			"frames": [
				{"x": 149, "y": 139, "w": 27, "h": 31, "delay": 5, "onStart": "swing"},
				{"x": 176, "y": 137, "w": 31, "h": 35, "delay": 5},
				{"x": 0, "y": 154, "w": 39, "h": 32, "ox":[-3,-3], "delay": 5, "onStart": "sweepkick1"},
				{"x": 39, "y": 152, "w": 31, "h": 37, "ox":[6,6], "delay": 5},
				{"x": 70, "y": 158, "w": 39, "h": 32, "ox":[7,7], "delay": 5, "onStart": "sweepkick2"},
				{"x": 211, "y": 131, "w": 21, "h": 43, "ox":[-4,-4], "delay": 11, "onLoop": "sweepkick_jump"},
				{"x": 109, "y": 159, "w": 39, "h": 39, "ox":[5,5], "delay": 5, "onLoop": "sweepkick_jump"},
				{"x": 308, "y": 150, "w": 26, "h": 33, "ox":[-4,-4], "delay": 5, "onLoop": "sweepkick_jump"}
			]
		},

		"sweepkick_jump": {
			"loop": false,
			"combo": {"frame": 10},

			"frames": [
				{"x": 288, "y": 159, "w": 21, "h": 45, "delay": 4, "onStart": "airrecover"},
				{"x": 259, "y": 159, "w": 29, "h": 41, "delay": 4},
				{"x": 237, "y": 161, "w": 22, "h": 39, "delay": 4},
				{"x": 148, "y": 170, "w": 32, "h": 34, "delay": 4},
				{"x": 180, "y": 172, "w": 32, "h": 26, "delay": 4},
				{"x": 0, "y": 186, "w": 36, "h": 26, "delay": 4},
				{"x": 36, "y": 189, "w": 26, "h": 37, "delay": 4},
				{"x": 309, "y": 183, "w": 25, "h": 40, "delay": 4},
				{"x": 62, "y": 190, "w": 27, "h": 41, "delay": 4, "onStart": "toFallNow"}
			]
		},

		"flipkick": {
			"loop": false,
			"combo": {"frame": 8},

			"frames": [
				{"x": 89, "y": 197, "w": 28, "h": 29, "delay": 4},
				{"x": 117, "y": 198, "w": 36, "h": 35, "delay": 4, "onStart": "missLight"},
				{"x": 201, "y": 197, "w": 39, "h": 39, "oy": -3, "delay": 4, "onStart": "flipkick1"},
				{"x": 240, "y": 200, "w": 44, "h": 38, "oy": -5, "delay": 4, "onStart": "flipkick2"},
				{"x": 153, "y": 204, "w": 40, "h": 37, "oy": -4, "delay": 4},
				{"x": 88, "y": 226, "w": 40, "h": 29, "oy": -6, "delay": 4},
				{"x": 0, "y": 212, "w": 34, "h": 31, "oy": -2, "delay": 4}
			]
		},

		"tornadokick": {
			"loop": false,
			"combo": {"anim": "tornadokick", "frame": 5},

			"frames": [
				{"x": 284, "y": 223, "w": 36, "h": 29, "ox":[6,6], "oy": -3, "delay": 4, "onStart": "missLight"},
				{"x": 33, "y": 231, "w": 39, "h": 29, "ox":[4,4], "oy": -3, "delay": 4},
				{"x": 236, "y": 238, "w": 48, "h": 29, "oy": -3, "delay": 4, "onStart": "tornadokick1"},
				{"x": 128, "y": 233, "w": 37, "h": 33, "ox":[-6,-6], "delay": 4},
				{"x": 190, "y": 236, "w": 40, "h": 33, "ox":[-4,-4], "delay": 4},
				{"x": 190, "y": 236, "w": 40, "h": 33, "ox":[-4,-4], "delay": 1, "onStart": "tornadokick2"}
			]
		},

		"downkick": {
			"loop": false,
			"combo": {"frame": 7},

			"frames": [
				{"x": 165, "y": 241, "w": 23, "h": 30, "oy": -5, "delay": 4},
				{"x": 284, "y": 252, "w": 37, "h": 41, "ox":[-7,-7], "oy": 5, "delay": 4, "onStart": "downkick1"},
				{"x": 72, "y": 255, "w": 36, "h": 39, "ox":[-5,-5], "oy": 3, "delay": 4, "onStart": "downkick2"},
				{"x": 0, "y": 243, "w": 31, "h": 38, "ox":[-3,-3], "oy": 2, "delay": 4},
				{"x": 31, "y": 260, "w": 31, "h": 36, "ox":[-2,-2], "oy": -1, "delay": 4},
				{"x": 108, "y": 266, "w": 32, "h": 35, "ox":[-2,-2], "oy": -2, "delay": 4}
			]
		},

		"spindash": {
			"loop": false,
			"combo": {"frame": 24},
			"img": "sonicball",

			"frames": [
				{"x": 0, "y": 0, "w": 22, "h": 23, "delay": 3, "onStart": "spinsound"},
				{"x": 22, "y": 0, "w": 22, "h": 22, "delay": 3},
				{"x": 44, "y": 0, "w": 20, "h": 21, "delay": 3},
				{"x": 64, "y": 0, "w": 24, "h": 23, "delay": 3},

				{"x": 0, "y": 0, "w": 22, "h": 23, "delay": 3, "onLoop": "stopdashing"},
				{"x": 22, "y": 0, "w": 22, "h": 22, "delay": 3, "onLoop": "stopdashing"},
				{"x": 44, "y": 0, "w": 20, "h": 21, "delay": 3, "onLoop": "stopdashing"},
				{"x": 64, "y": 0, "w": 24, "h": 23, "delay": 3, "onLoop": "stopdashing"},

				{"x": 88, "y": 0, "w": 23, "h": 25, "delay": 3, "onLoop": "stopdashing"},
				{"x": 0, "y": 23, "w": 20, "h": 23, "delay": 3, "onLoop": "stopdashing"},
				{"x": 44, "y": 0, "w": 20, "h": 21, "delay": 3, "onLoop": "stopdashing"},
				{"x": 64, "y": 0, "w": 24, "h": 23, "delay": 3, "onLoop": "stopdashing"},

				{"x": 88, "y": 0, "w": 23, "h": 25, "delay": 3, "onLoop": "stopdashing"},
				{"x": 0, "y": 23, "w": 20, "h": 23, "delay": 3, "onLoop": "stopdashing"},
				{"x": 20, "y": 22, "w": 20, "h": 23, "delay": 3, "onLoop": "stopdashing"},
				{"x": 40, "y": 21, "w": 23, "h": 25, "delay": 3, "onLoop": "stopdashing"},
				{"x": 88, "y": 0, "w": 23, "h": 25, "delay": 3, "onLoop": "stopdashing"},

				{"x": 0, "y": 23, "w": 20, "h": 23, "delay": 3, "onLoop": "stopdashing"},
				{"x": 20, "y": 22, "w": 20, "h": 23, "delay": 3, "onLoop": "stopdashing"},
				{"x": 40, "y": 21, "w": 23, "h": 25, "delay": 3, "onLoop": "stopdashing"},
				{"x": 88, "y": 0, "w": 23, "h": 25, "delay": 3, "onLoop": "stopdashing"},
				{"x": 0, "y": 23, "w": 20, "h": 23, "delay": 3, "onLoop": "stopdashing"}
			]
		},

		"spindash_slide1": {
			"loop": false,
			"combo": {"frame": 4},

			"frames": [
				{"x": 250, "y": 267, "w": 34, "h": 39, "delay": 3, "onStart": "stopspin"},
				{"x": 213, "y": 268, "w": 37, "h": 33, "delay": 3},
				{"x": 140, "y": 271, "w": 40, "h": 26, "delay": 3, "onStart": "spindash_slide1"}
			]
		},

		"spindash_slide2": {
			"loop": false,
			"combo": {"frame": 3},

			"frames": [
				{"x": 140, "y": 271, "w": 40, "h": 26, "delay": 20, "onStart": "spindash_slide2"}
			]
		},

		"spindash_boost": {
			"loop": false,
			"combo": {"frame": 4},

			"frames": [
				{"x": 180, "y": 269, "w": 32, "h": 30, "delay": 6},
				{"x": 239, "y": 306, "w": 39, "h": 34, "ox":[37,37], "scale":[3, 1], "delay": 5, "onStart": "spindash_boost1"},
				{"x": 233, "y": 35, "w": 40, "h": 29, "delay": 8, "onStart": "spindash_boost2"}
			]
		},

		"flashkick": {
			"loop": false,
			"combo": {"frame": 8},

			"frames": [
				{"x": 0, "y": 281, "w": 28, "h": 30, "ox":[-3,-3], "delay": 5},
				{"x": 117, "y": 198, "w": 36, "h": 35, "delay": 4, "onStart": "flashkick1"},
				{"x": 201, "y": 197, "w": 39, "h": 39, "oy": -3, "delay": 4, "onStart": "flashkick2"},
				{"x": 240, "y": 200, "w": 44, "h": 38, "oy": -5, "delay": 4, "onStart": "flashkick3"},
				{"x": 153, "y": 204, "w": 40, "h": 37, "oy": -4, "delay": 4},
				{"x": 88, "y": 226, "w": 40, "h": 29, "oy": -6, "delay": 4},
				{"x": 0, "y": 212, "w": 34, "h": 31, "oy": -2, "delay": 4},
				{"x": 0, "y": 212, "w": 34, "h": 31, "oy": -2, "delay": 1, "onStart": "toFallNow"}
			]
		},

		"bounce": {
			"loop": false,
			"combo": {"frame": 4},
			"img": "sonicball",

			"frames": [
				{"x": 51, "y": 47, "w": 27, "h": 16, "delay": 4},
				{"x": 78, "y": 47, "w": 28, "h": 14, "delay": 4},
				{"x": 108, "y": 29, "w": 19, "h": 43, "delay": 8, "onStart": "bounce"},
				{"x": 108, "y": 29, "w": 19, "h": 43, "delay": 1, "onStart": "toJump2"}
			]
		},

		"bounceair": {
			"combo": {"frame": 5},
			"img": "sonicball",

			"frames": [
				{"x": 63, "y": 23, "w": 23, "h": 24, "delay": 4, "onStart": "stopAttacking", "onLoop": "bounceair"},
				{"x": 86, "y": 25, "w": 22, "h": 22, "oy": -1, "delay": 4, "onLoop": "bounceair"},
				{"x": 0, "y": 46, "w": 24, "h": 23, "ox":[1,1], "oy": -1, "delay": 4, "onLoop": "bounceair"},
				{"x": 25, "y": 46, "w": 26, "h": 26, "ox":[1,1], "oy": 1, "delay": 4, "onLoop": "bounceair"}
			]
		},

		"soniceagle": {
			"loop": false,
			"combo": {"frame": 7},

			"frames": [
				{"x": 0, "y": 65, "w": 27, "h": 30, "delay": 4},
				{"x": 55, "y": 292, "w": 32, "h": 23, "oy": -4, "delay": 4},
				{"x": 87, "y": 294, "w": 23, "h": 34, "ox":[-3,-3], "delay": 4, "onStart": "missB"},
				{"x": 283, "y": 293, "w": 39, "h": 33, "ox":[-8,-8], "delay": 4, "onStart": "soniceagle1"},
				{"x": 128, "y": 297, "w": 36, "h": 38, "ox":[-6,-6], "oy": 1, "delay": 4},
				{"x": 164, "y": 299, "w": 36, "h": 31, "ox":[-7,-7], "delay": 4},
				{"x": 200, "y": 301, "w": 34, "h": 31, "ox":[-5,-5], "oy": 1, "delay": 4}
			]
		},

		"divekick": {
			"loop": false,
			"combo": {"frame": 3},

			"frames": [
				{"x": 165, "y": 241, "w": 23, "h": 30, "oy": -5, "delay": 20, "onStart": "predivekick"},
				{"x": 284, "y": 252, "w": 37, "h": 41, "ox":[-7,-7], "oy": 5, "delay": 4, "onStart": "divekickStart"}
			]
		},

		"divekick2": {
			"combo": {"frame": 2},

			"frames": [
				{"x": 284, "y": 252, "w": 37, "h": 41, "ox":[-7,-7], "oy": 5, "delay": 1, "onStart": "divekickMove"}
			]
		}
	}
}