{
	"xoffset": -24,
	"frames": [
		{"x": 0, "y": 0, "w": 32, "h": 38, "delay": 3},
		{"x": 32, "y": 0, "w": 35, "h": 37, "ox": 2, "delay": 3},
		{"x": 67, "y": 0, "w": 39, "h": 33, "ox": 5, "delay": 3},
		{"x": 106, "y": 0, "w": 36, "h": 35, "ox": 3, "delay": 3},
		{"x": 76, "y": 33, "w": 31, "h": 38, "ox": -1, "delay": 3},
		{"x": 107, "y": 35, "w": 35, "h": 37, "ox": 2, "delay": 3},
		{"x": 0, "y": 38, "w": 39, "h": 32, "ox": 5, "delay": 3},
		{"x": 40, "y": 37, "w": 35, "h": 34, "ox": 2, "delay": 3}
	]
}