{
	"bgs": [
		{
			"filename": "floor.png",
			"offset": {"x": -160, "y": -104},
			"parallax": {"x": 1, "y": 1},
			"tile": {"x": true, "y": false},
			"scale": true,
			"bordercolor": {"top": [124,180,195], "bottom": [131, 129, 133]}
		},

		{
			"filename": "audience.png",
			"offset": {"x": -224, "y": -6},
			"parallax": {"x": 1, "y": 1},
			"tile": {"x": true, "y": false},
			"scale": true,
			"frames": [
				{"x": 0, "y": 0, "w": 112, "h": 116, "delay": 15},
				{"x": 112, "y": 0, "w": 112, "h": 116, "delay": 15}
			]
		}
	],

	"ground": {
		"on": false
	}
}