{
	"speed": 300,
	"dash": "run",

	"sheets": ["mario", "mariohammer"],
	"sounds": ["jump", "spinjump", "strain", "eeeiiii", "ha", "ko"],

	"attacks": {
		"neutral": "jabcombo",
		"upneutral": "uppercut",
		"downneutral": "hookpunch",
		"air": "smackdown",
		"upair": "airuppercut",
		"downair": "eaglekick",
		"zneutral": "hammerhop",
		"zupneutral": "superjumppunch",
		"zdownneutral": "hammersmash",
		"zair": "hammermeteor",
		"zupair": "superjumppunch",
		"zdownair": "groundpound"
	},

	"anims": {
		"idle": {
			"frames": [
				{"x": 0, "y": 0, "w": 19, "h": 34, "delay": 9},
				{"x": 19, "y": 0, "w": 19, "h": 33, "delay": 9},
				{"x": 38, "y": 0, "w": 20, "h": 32, "ox":[0, 1], "delay": 9},
				{"x": 19, "y": 0, "w": 19, "h": 33, "delay": 9}
			]
		},

		"walk": {
			"frames": [
				{"x": 58, "y": 0, "w": 20, "h": 32, "delay": 7},
				{"x": 78, "y": 0, "w": 22, "h": 31, "delay": 7},
				{"x": 58, "y": 0, "w": 20, "h": 32, "delay": 7},
				{"x": 100, "y": 0, "w": 17, "h": 32, "delay": 7},
				{"x": 117, "y": 0, "w": 21, "h": 32, "delay": 7},
				{"x": 138, "y": 0, "w": 22, "h": 31, "delay": 7},
				{"x": 117, "y": 0, "w": 21, "h": 32, "delay": 7},
				{"x": 100, "y": 0, "w": 17, "h": 32, "delay": 7}
			]
		},

		"run": {
			"frames": [
				{"x": 189, "y": 0, "w": 27, "h": 29, "delay": 6},
				{"x": 216, "y": 0, "w": 26, "h": 29, "delay": 6},
				{"x": 242, "y": 0, "w": 28, "h": 29, "delay": 6},
				{"x": 270, "y": 0, "w": 28, "h": 29, "delay": 6},
				{"x": 0, "y": 34, "w": 27, "h": 29, "delay": 6},
				{"x": 27, "y": 32, "w": 27, "h": 28, "delay": 6},
				{"x": 54, "y": 32, "w": 28, "h": 27, "delay": 6},
				{"x": 82, "y": 32, "w": 28, "h": 28, "delay": 6}
			]
		},

		"skid": {
			"frames": [
				{"x": 160, "y": 0, "w": 29, "h": 31, "delay": 60}
			]
		},

		"jump": {
			"loop": false,
			"frames": [
				{"x": 110, "y": 32, "w": 23, "h": 31, "delay": 7},
				{"x": 133, "y": 31, "w": 21, "h": 37, "delay": 1, "onStart": "jump"},
				{"x": 133, "y": 31, "w": 21, "h": 37, "delay": 1, "onStart": "toFalling"}
			]
		},

		"fall": {
			"frames": [
				{"x": 154, "y": 31, "w": 24, "h": 32, "delay": 60}
			]
		},
		
		"guard": {
			"frames": [
				{"x": 178, "y": 31, "w": 21, "h": 34, "delay": 1, "onStart": "guard"}
			]
		},

		"hurt": {
			"frames": [
				{"x": 199, "y": 29, "w": 29, "h": 32, "delay": 10},
				{"x": 199, "y": 29, "w": 29, "h": 32, "delay": 1, "onStart": "hurt"}
			]
		},

		"hurtground": {
			"frames": [
				{"x": 228, "y": 29, "w": 18, "h": 31, "delay": 60}
			]
		},

		"airhurt": {
			"frames": [
				{"x": 246, "y": 29, "w": 17, "h": 35, "delay": 4, "onStart": "toReeling"},
				{"x": 0, "y": 63, "w": 22, "h": 35, "delay": 4, "onStart": "toReeling"},
				{"x": 263, "y": 29, "w": 17, "h": 35, "delay": 4, "onStart": "toReeling"},
				{"x": 22, "y": 60, "w": 22, "h": 35, "delay": 4, "onStart": "toReeling"}
			]
		},

		"reeling": {
			"frames": [
				{"x": 44, "y": 59, "w": 26, "h": 42, "delay": 1, "rotate": 200, "onStart": "reeling"}
			]
		},

		"painful_landing": {
			"loop": false,
			"frames": [
				{"x": 70, "y": 60, "w": 32, "h": 18, "ox":[-2, -2], "delay": 5},
				{"x": 70, "y": 78, "w": 36, "h": 16, "delay": 5},
				{"x": 106, "y": 68, "w": 36, "h": 16, "delay": 1, "onStart": "painful_landing"}
			]
		},

		"recover": {
			"loop": false,
			"frames": [
				{"x": 142, "y": 66, "w": 30, "h": 23, "delay": 3},
				{"x": 172, "y": 65, "w": 26, "h": 25, "delay": 3},
				{"x": 198, "y": 61, "w": 21, "h": 30, "delay": 3},
				{"x": 220, "y": 60, "w": 22, "h": 34, "delay": 6}
			]
		},
		
		"jabcombo": {
			"loop": false,
			"combo": {"anim": "jabcombo2", "frame": 4},

			"frames": [
				{"x": 242, "y": 64, "w": 25, "h": 33, "delay": 4},
				{"x": 267, "y": 64, "w": 32, "h": 34, "ox":[-4,-4], "delay": 3, "onStart": "jabcombo"},
				{"x": 0, "y": 98, "w": 29, "h": 34, "ox":[-3,-3], "delay": 3},
				{"x": 29, "y": 101, "w": 23, "h": 33, "ox":[-1,-1], "delay": 6}
			]
		},

		"jabcombo2": {
			"loop": false,
			"combo": {"anim": "jabcombo3", "frame": 3},

			"frames": [
				{"x": 52, "y": 101, "w": 24, "h": 34, "delay": 3},
				{"x": 76, "y": 94, "w": 39, "h": 32, "ox":[-7,-7], "delay": 3, "onStart": "jabcombo2"},
				{"x": 115, "y": 88, "w": 36, "h": 32, "ox":[-7,-7], "delay": 7}
			]
		},

		"jabcombo3": {
			"loop": false,
			"combo": {"frame": 3},

			"frames": [
				{"x": 151, "y": 89, "w": 16, "h": 34, "delay": 3},
				{"x": 167, "y": 91, "w": 39, "h": 32, "ox":[-11, -11], "delay": 4, "onStart": "jabcombo3"},
				{"x": 206, "y": 94, "w": 36, "h": 32, "ox":[-10, -10], "delay": 4},
				{"x": 242, "y": 97, "w": 29, "h": 34, "ox":[-6, -6], "delay": 4},
				{"x": 271, "y": 98, "w": 24, "h": 36, "delay": 3}
			]
		},
		
		"uppercut": {
			"loop": false,
			"combo": {"frame": 4},
			
			"frames": [
				{"x": 0, "y": 132, "w": 20, "h": 34, "delay": 3},
				{"x": 20, "y": 134, "w": 21, "h": 35, "delay": 3},
				{"x": 41, "y": 135, "w": 22, "h": 32, "ox":[-1, -1], "oy": -2, "delay": 9, "onStart": "uppercut"},
				{"x": 20, "y": 134, "w": 21, "h": 35, "delay": 2}
			]
		},
		
		"hookpunch": {
			"loop": false,
			"combo": {"frame": 5},
			
			"frames": [
				{"x": 126, "y": 120, "w": 25, "h": 29, "ox":[-1,-1], "delay": 8},
				{"x": 151, "y": 123, "w": 31, "h": 35, "ox":[9,9], "delay": 5, "onStart": "missB"},
				{"x": 182, "y": 126, "w": 40, "h": 33, "ox":[-3,-3], "delay": 5},
				{"x": 222, "y": 131, "w": 39, "h": 31, "ox":[-11,-11], "delay": 5, "onStart": "hookpunch"},
				{"x": 126, "y": 120, "w": 25, "h": 29, "ox":[-1,-1], "delay": 7},
				{"x": 126, "y": 120, "w": 25, "h": 29, "ox":[-1,-1], "delay": 1}
			]
		},
		
		"smackdown": {
			"loop": false,
			"combo": {"frame": 4},
			
			"frames": [
				{"x": 226, "y": 198, "w": 25, "h": 36, "delay": 5},
				{"x": 145, "y": 195, "w": 36, "h": 36, "delay": 5, "onStart": "smackdown"},
				{"x": 61, "y": 197, "w": 32, "h": 26, "delay": 20}
			]
		},
		
		"airuppercut": {
			"loop": false,
			"combo": {"frame": 5},
			
			"frames": [
				{"x": 154, "y": 31, "w": 24, "h": 32, "delay": 4},
				{"x": 0, "y": 132, "w": 20, "h": 34, "delay": 4},
				{"x": 63, "y": 132, "w": 32, "h": 38, "delay": 4, "onStart": "airuppercut"},
				{"x": 95, "y": 126, "w": 31, "h": 37, "delay": 18}
			]
		},
		
		"eaglekick": {
			"loop": false,
			"combo": {"frame": 4},

			"frames": [
				{"x": 280, "y": 29, "w": 16, "h": 29, "delay": 5},
				{"x": 261, "y": 134, "w": 29, "h": 39, "delay": 5, "onStart": "eaglekick"},
				{"x": 261, "y": 134, "w": 29, "h": 39, "delay": 15}
			]
		},
		
		"eaglekick2": {
			"loop": false,
			"combo": {"frame": 3},
			
			"frames": [
				{"x": 261, "y": 134, "w": 29, "h": 39, "delay": 10, "onStart": "resetRotation"},
				{"x": 280, "y": 29, "w": 16, "h": 29, "rotate": 400, "delay": 30, "onStart": "stopAttacking"}
			]
		},
		
		"groundpound": {
			"loop": false,
			"combo": {"frame": 3},

			"frames": [
				{"x": 124, "y": 149, "w": 22, "h": 25, "rotate": -600, "delay": 25, "onStart": "groundpound1"},
				{"x": 0, "y": 169, "w": 30, "h": 34, "delay": 600, "onStart": "groundpound2"}
			]
		},

		"groundpound2": {
			"combo": {"frame": 2},
			
			"frames": [
				{"x": 0, "y": 169, "w": 30, "h": 34, "delay": 1, "onStart": "groundpoundToLand"}
			]
		},

		"groundpound_land": {
			"loop": false,
			"combo": {"frame": 3},
			
			"frames": [
				{"x": 30, "y": 169, "w": 32, "h": 31, "delay": 4, "onStart": "groundpoundLand"},
				{"x": 30, "y": 169, "w": 32, "h": 31, "delay": 12}
			]
		},
		
		"superjumppunch": {
			"loop": false,
			"combo": {"frame": 12},
			
			"frames": [
				{"x": 62, "y": 170, "w": 26, "h": 27, "delay": 4},
				{"x": 88, "y": 164, "w": 27, "h": 33, "delay": 4, "onStart": "sjp1"},
				{"x": 146, "y": 158, "w": 38, "h": 37, "delay": 4, "onStart": "sjp2"},
				{"x": 184, "y": 159, "w": 26, "h": 41, "delay": 5, "onStart": "sjp3"},
				{"x": 184, "y": 159, "w": 26, "h": 41, "delay": 5, "onStart": "sjp3"},
				{"x": 184, "y": 159, "w": 26, "h": 41, "delay": 6, "onStart": "sjp3"},
				{"x": 210, "y": 162, "w": 22, "h": 39, "delay": 6, "onStart": "sjp4"},
				{"x": 232, "y": 162, "w": 17, "h": 34, "delay": 5},
				{"x": 249, "y": 173, "w": 21, "h": 33, "delay": 5},
				{"x": 270, "y": 173, "w": 24, "h": 33, "delay": 4}
			]
		},
		
		"hammerhop": {
			"loop": false,
			"combo": {"frame": 7},
			"img": "mariohammer",
			
			"frames": [
				{"x": 0, "y": 0, "w": 35, "h": 34, "ox":[8,8], "delay": 12},
				{"x": 35, "y": 0, "w": 39, "h": 47, "ox":[10,10], "delay": 12, "onStart": "hammerhop0"},
				{"x": 74, "y": 0, "w": 40, "h": 52, "ox":[-7,-8], "delay": 6, "onStart": "hammerhop1"},
				{"x": 114, "y": 0, "w": 37, "h": 31, "ox":[-9,-9], "delay": 6, "onStart": "hammerhop2"},
				{"x": 114, "y": 31, "w": 38, "h": 34, "ox":[-9,-9], "oy": 2, "delay": 6},
				{"x": 0, "y": 37, "w": 38, "h": 32, "ox":[-9,-9], "oy": 2, "delay": 8}
			]
		},
		
		"hammersmash": {
			"loop": false,
			"combo": {"frame": 14},
			"img": "mariohammer",
			"breakthrough": true,

			"frames": [
				{"x": 38, "y": 47, "w": 24, "h": 41, "ox":[3,3], "oy": 9, "delay": 6, "onStart": "sndstrain"},
				{"x": 62, "y": 52, "w": 29, "h": 39, "ox":[6,5], "oy": 7, "delay": 5},
				{"x": 91, "y": 66, "w": 34, "h": 34, "ox":[8,8], "oy": 2, "delay": 5},
				{"x": 125, "y": 65, "w": 38, "h": 32, "ox":[10,10], "delay": 5},
				{"x": 151, "y": 0, "w": 37, "h": 32, "ox":[10,9], "delay": 5},
				{"x": 152, "y": 32, "w": 37, "h": 33, "ox":[10,10], "delay": 5},
				{"x": 0, "y": 69, "w": 35, "h": 47, "ox":[7,7], "delay": 5, "onStart": "hammersmash1"},
				{"x": 35, "y": 91, "w": 41, "h": 52, "ox":[-3,-3], "delay": 5, "onStart": "hammersmash2"},
				{"x": 76, "y": 100, "w": 40, "h": 52, "ox":[-18,-18], "delay": 5, "onStart": "hammersmash3"},
				{"x": 116, "y": 100, "w": 42, "h": 50, "ox":[-19,-19], "delay": 5, "onStart": "hammersmash4"},
				{"x": 163, "y": 65, "w": 42, "h": 37, "ox":[-19,-19], "delay": 5, "onStart": "hammersmash5"},
				{"x": 158, "y": 102, "w": 39, "h": 30, "ox":[-17,-18], "delay": 5},
				{"x": 157, "y": 132, "w": 38, "h": 30, "ox":[-17,-17], "delay": 5}
			]
		},

		"hammermeteor": {
			"loop": false,
			"combo": {"frame": 8},
			"img": "mariohammer",
			"breakthrough": true,

			"frames": [
				{"x": 0, "y": 122, "w": 41, "h": 54, "ox":[11,11], "delay": 4, "onStart": "Prehammermeteor"},
				{"x": 41, "y": 152, "w": 51, "h": 39, "ox":[11,11], "rotate": 2, "delay": 4},
				{"x": 92, "y": 151, "w": 56, "h": 33, "ox":[14,14], "rotate": 5, "delay": 4},
				{"x": 192, "y": 159, "w": 56, "h": 33, "ox":[14,14], "rotate": 10, "delay": 18},
				{"x": 189, "y": 0, "w": 45, "h": 54, "ox":[9,9], "rotate": -15, "delay": 3},
				{"x": 197, "y": 101, "w": 40, "h": 39, "scale": [2,2], "ox":[-5,-5], "oy": 9, "delay": 3, "onStart": "hammermeteor"},
				{"x": 205, "y": 54, "w": 43, "h": 47, "ox":[7,7], "oy": 20, "delay": 1, "onLoop": "Posthammermeteor"}
			]
		},
		
		"hammermeteor2": {
			"combo": {"frame": 1},
			"img": "mariohammer",

			"frames": [
				{"x": 205, "y": 54, "w": 43, "h": 47, "ox":[7,7], "oy": 20, "delay": 1, "onStart": "hammermeteorLand"}
			]
		},
		
		"hammermeteor_land": {
			"loop": false,
			"combo": {"frame": 7},

			"frames": [
				{"x": 115, "y": 174, "w": 27, "h": 26, "delay": 10},
				{"x": 93, "y": 197, "w": 26, "h": 28, "ox":[-3,-3], "delay": 4},
				{"x": 119, "y": 200, "w": 26, "h": 31, "ox":[-3,-3], "delay": 4},
				{"x": 35, "y": 200, "w": 26, "h": 32, "ox":[-3,-3], "delay": 4},
				{"x": 181, "y": 200, "w": 25, "h": 33, "ox":[-2,-2], "delay": 4},
				{"x": 206, "y": 201, "w": 20, "h": 33, "delay": 4}
			]
		}
	}
}
