{
	"bgs": [
		{
			"rect": {"w": 256, "h": 144, "colors": [ [0,0,0], [0,0,0], [0,128,0], [0,128,0] ]},
			"offset": {"x": 0, "y": -160},
			"parallax": {"x": 1, "y": 1},
			"tile": {"x": true, "y": false},
			"bordercolor": {"bottom": [0,128,0]},
			"scale": true
		},

		{
			"filename": "tree.png",
			"offset": {"x": 0, "y": -80},
			"parallax": {"x": 0.8, "y": 1},
			"tile": {"x": true, "y": false},
			"sep": {"x": 96, "y": 0},
			"scale": true
		},

		{
			"filename": "leaves.png",
			"offset": {"x": 0, "y": 0},
			"parallax": {"x": 1, "y": 1},
			"tile": {"x": true, "y": false},
			"bordercolor": {"top": [0, 66, 12]},
			"scale": true
		},

		{
			"filename": "bush.png",
			"offset": {"x": 0, "y": -128},
			"parallax": {"x": 1.2, "y": 1},
			"tile": {"x": true, "y": false},
			"sep": {"x": 192, "y": 0},
			"scale": true
		}
	],

	"ground": {
		"on": false
	}
}