{
	"bgs": [
		{
			"filename": "sky.png",
			"offset": {"x": 0, "y": 56},
			"parallax": {"x": 0, "y": 0.1},
			"tile": {"x": false, "y": false},
			"bordercolor": {"top": [152, 192, 240]}
		},

		{
			"filename": "sea.png",
			"offset": {"x": 0, "y": -96},
			"parallax": {"x": 0.1, "y": 0.1},
			"tile": {"x": true, "y": false}
		}
	],

	"ground": {
		"topFrame": {
			"x": 0, "y": 0, "w": 64, "h": 32
		},
		"loopFrame": {
			"x": 0, "y": 32, "w": 64, "h": 45
		},
		"offsetY": 16
	}
}