{
	"bgcolor": [255,255,255],

	"bgs": [
		{
			"filename": "back.png",
			"offset": {"x": -128, "y": -36},
			"parallax": {"x": 0.4, "y": 0.4},
			"tile": {"x": true, "y": false},
			"bordercolor": [112,104,120],
			"scale": true
		},
		
		{
			"filename": "front.png",
			"offset": {"x": 0, "y": -68},
			"parallax": {"x": 0.7, "y": 0.7},
			"tile": {"x": true, "y": false},
			"bordercolor": [17,33,25],
			"scale": true
		}
	],

	"ground": {
		"topFrame": {
			"x": 0, "y": 0, "w": 160, "h": 52
		},
		"loopFrame": {
			"x": 0, "y": 52, "w": 160, "h": 32
		},
		"offsetY": 12
	}
}